{
  "jsonLocation": {
    "worldName": "world",
    "x": -479.5293396142573,
    "y": 116.0,
    "z": -350.6077543396849,
    "yaw": 270.74365,
    "pitch": 3.6109962
  }
}